direction,entry_date,entry,stop,tp1,tp2,liquidity,exit_date,exit_price,exit_reason,r_multiple,pnl
SHORT,1986-10-30,33.625,35.2668125,31.16228125,28.6995625,26.87,1986-11-04,35.2668125,SL,-1.0,-12.5
SHORT,1987-12-31,42.375,43.44956702848352,40.76314945727472,39.151298914549436,29.75,1988-01-04,43.44956702848352,SL,-1.0,-12.46875
SHORT,1988-12-29,40.565,41.06888636221272,39.80917045668091,39.05334091336182,38.25,1988-12-30,41.06888636221272,SL,-1.0,-12.437578125
SHORT,1989-08-17,41.125,44.7705625,35.656656250000005,30.18831250000001,29.75,1989-08-25,44.7705625,SL,-1.0,-12.4064841796875
LONG,1993-08-19,28.0,27.23050090505105,29.154248642423426,30.308497284846855,30.75,1993-08-20,27.23050090505105,SL,-1.0,-12.375467969238281
SHORT,1995-04-21,38.63,39.649315,37.1010275,35.572055000000006,33.63,1995-05-04,39.649315,SL,-1.0,-12.344529299315186
SHORT,1995-11-06,38.155,39.579077500000004,36.01888375,33.88276749999999,33.63,1995-11-07,39.579077500000004,SL,-1.0,-12.313667976066897
SHORT,1999-07-19,55.565,56.719996220037125,53.83250566994431,52.10001133988862,42.06,1999-07-22,52.10001133988862,TP2,3.0,36.848651418380186
LONG,2002-07-25,14.785,14.25164705447036,15.585029418294459,16.385058836588918,18.79,2002-07-26,14.25164705447036,SL,-1.0,-12.37500543467268
LONG,2003-03-06,14.415,13.792792500000001,15.348311249999997,16.281622499999994,16.44,2003-04-11,13.792792500000001,SL,-1.0,-12.344067921085998
LONG,2003-04-11,14.190000000000001,13.982975062900811,14.500537405648785,14.811074811297571,15.15,2003-04-14,13.982975062900811,SL,-1.0,-12.313207751283283
SHORT,2004-01-23,22.535,24.141267499999998,20.12559875,17.716197500000007,16.63,2004-03-01,24.141267499999998,SL,-1.0,-12.282424731905074
LONG,2005-01-12,64.12,61.56794,67.94809000000001,71.77618000000001,103.94,2005-01-13,71.77618000000001,TP2,2.9999999999999973,36.7551560102259
