strategy,direction,ts_signal,ts_fill,entry,stop,ts_exit,exit_price,r_multiple,outcome
TrendBreakout,1,2023-01-26 00:00:00-05:00,2023-01-27 00:00:00-05:00,12033.5,11602.397842361672,2023-02-21 00:00:00-05:00,12128.75,0.2209453103222683,target
TrendBreakout,-1,2023-02-24 00:00:00-05:00,2023-02-26 00:00:00-05:00,12003.0,12466.489223791412,2023-03-06 00:00:00-05:00,12466.489223791412,-0.9999999999999991,stop
TrendBreakout,1,2023-03-16 00:00:00-04:00,2023-03-17 00:00:00-04:00,12591.75,12072.189276710295,2023-08-02 00:00:00-04:00,15477.5,5.554211222373168,target
TrendBreakout,-1,2023-08-11 00:00:00-04:00,2023-08-13 00:00:00-04:00,15104.0,15518.845721507058,2023-08-23 00:00:00-04:00,15383.75,-0.6743470777129392,target
TrendBreakout,1,2023-08-30 00:00:00-04:00,2023-08-31 00:00:00-04:00,15511.5,15037.51139840561,2023-09-20 00:00:00-04:00,15095.5,-0.877658236085573,target
TrendBreakout,-1,2023-09-21 00:00:00-04:00,2023-09-22 00:00:00-04:00,14896.0,15296.2277858259,2023-10-06 00:00:00-04:00,15139.5,-0.6084035357453236,target
TrendBreakout,-1,2023-10-25 00:00:00-04:00,2023-10-26 00:00:00-04:00,14321.25,14810.988189072601,2023-11-01 00:00:00-04:00,14810.988189072601,-1.0000000000000009,stop
TrendBreakout,1,2023-11-07 00:00:00-05:00,2023-11-08 00:00:00-05:00,15358.5,14902.1444337818,2023-12-04 00:00:00-05:00,15827.75,1.0282552350323144,target
TrendBreakout,1,2023-12-11 00:00:00-05:00,2023-12-12 00:00:00-05:00,16254.75,15865.968699822995,2024-01-02 00:00:00-05:00,16694.75,1.1317416753318046,target
TrendBreakout,1,2024-01-18 00:00:00-05:00,2024-01-19 00:00:00-05:00,17169.25,16768.433785371028,2024-04-04 00:00:00-04:00,18110.0,2.3470856858194584,target
TrendBreakout,-1,2024-04-15 00:00:00-04:00,2024-04-16 00:00:00-04:00,17847.0,18367.576516948026,2024-05-03 00:00:00-04:00,18025.5,-0.34288907430263826,target
TrendBreakout,1,2024-05-14 00:00:00-04:00,2024-05-15 00:00:00-04:00,18423.5,17935.116126220553,2024-05-30 00:00:00-04:00,18561.75,0.2830765048201273,target
TrendBreakout,1,2024-06-05 00:00:00-04:00,2024-06-06 00:00:00-04:00,19099.5,18621.220104366235,2024-07-17 00:00:00-04:00,20051.0,1.989420857297739,target
TrendBreakout,-1,2024-07-19 00:00:00-04:00,2024-07-21 00:00:00-04:00,19749.0,20274.89806349619,2024-08-14 00:00:00-04:00,19214.0,1.0173074158959616,target
TrendBreakout,1,2024-08-19 00:00:00-04:00,2024-08-20 00:00:00-04:00,19875.75,19096.566531431446,2024-08-28 00:00:00-04:00,19274.25,-0.7719619630855638,target
TrendBreakout,-1,2024-09-06 00:00:00-04:00,2024-09-08 00:00:00-04:00,18400.0,19143.52335806177,2024-09-11 00:00:00-04:00,19143.52335806177,-0.9999999999999992,stop
TrendBreakout,1,2024-09-19 00:00:00-04:00,2024-09-20 00:00:00-04:00,19814.25,19138.95718094965,2024-12-18 00:00:00-05:00,21212.0,2.0698428305007384,target
